Project, Proportion Value
AVRO, 1.4038508
OPENJPA, 2.3632174
STORM, 2.5043116
ZOOKEEPER, 2.2238328
SYNCOPE, 1.3774117
TAJO, 1.3892857
